Statename,state title,first_heading,second_heading,Category title,coloum1,coloum2,coloum3
ALABAMA,Waiver Request to be Submitted to CMS,State of Alabama Medicaid Workforce Initiative,,Waiver Status,"Waiver request completed public comment on 4/2/2018; waiver not submitted to CMS as of

6/13/2018",,
ALABAMA,Waiver Request to be Submitted to CMS,State of Alabama Medicaid Workforce Initiative,,"Waiver Design
Summary","FFS
 Parents and caretakers with incomes from 0-18% FPL",,
ALABAMA,Waiver Request to be Submitted to CMS,State of Alabama Medicaid Workforce Initiative,,Premiums,No,,
ALABAMA,Waiver Request to be Submitted to CMS,State of Alabama Medicaid Workforce Initiative,,Cost-Sharing,No,,
ALABAMA,Waiver Request to be Submitted to CMS,State of Alabama Medicaid Workforce Initiative,,"Healthy Behavior
Incentives",No,,
ALABAMA,Waiver Request to be Submitted to CMS,State of Alabama Medicaid Workforce Initiative,,"Benefit-Related
Provisions",No,,
ALABAMA,Waiver Request to be Submitted to CMS,State of Alabama Medicaid Workforce Initiative,,"Eligibility-Related
Provisions",No,,
ALABAMA,Waiver Request to be Submitted to CMS,State of Alabama Medicaid Workforce Initiative,,"Work and Community
Engagement
Provisions"," Requests ability to condition Medicaid eligibility for non-disabled adults ages 19-59 on
work/CE requirements
 Individuals subject to work/CE requirements must participate in community engagement
activities (e.g., employment, on-the-job training, job search and job-readiness activities,
education, volunteering, or technical training); number of hours required varies based on the
age of their dependent children: 20 hours/week for individuals with dependent children
under age 6 and 35 hours/week for all other individuals subject to the requirement
 Proposed exempt populations include: individuals with a disability (includes individuals
receiving SSI or SSDI), medically frail individuals, individuals with a medical condition that
prevents them from complying with work/CE requirements, pregnant women, women who
recently gave birth, individuals required to care for a disabled child or adult, individuals
participating in active SUD treatment, and individuals enrolled in and compliant or exempt
from TANF work requirements (includes individuals who meet a good cause exemption under
TANF)
 Individuals who do not comply with work/CE requirements or demonstrate proof of an
exemption within 90 days of becoming subject to the work requirement are dis-enrolled
 After initial 90-day period, individuals must comply with the work requirement each month;
individuals who fail to comply with work/CE requirements in a given month are dis-enrolled
after a 30-day grace period",,
ALABAMA,Waiver Request to be Submitted to CMS,State of Alabama Medicaid Workforce Initiative,,"Work and Community
Engagement
Provisions",,,
