[  
   {  
      "id":"1",
      "abbreviation":"AL",
      "title":"Waiver Request to be Submitted to CMS",
      "description":"",
      "table_rows":"1",
      "state":"Alabama",
      "data":[  
         {  
            "title":"",
            "description":"<p>State of Alabama Medicaid Workforce Initiative<\/p>\n",
            "description2":""
         },
         {  
            "title":"Waiver Status",
            "description":"<p>Waiver request completed public comment on 4\/2\/2018; waiver not submitted to CMS as of 6\/13\/2018<\/p>\r\n",
            "description2":""
         },
         {  
            "title":"Waiver Design Summary",
            "description":"<p><strong>FFS<\/strong><\/p>\r\n\r\n<ul>\r\n\t<li>Parents and caretakers with incomes from 0-18% FPL<\/li>\r\n<\/ul>\r\n",
            "description2":""
         },
         {  
            "title":"Premiums",
            "description":"<p>No<\/p>\r\n",
            "description2":""
         },
         {  
            "title":"Cost-Sharing",
            "description":"<p>No<\/p>\r\n",
            "description2":""
         },
         {  
            "title":"Healthy Behavior Incentives",
            "description":"<p>No<\/p>\r\n",
            "description2":""
         },
         {  
            "title":"Benefit-Related Provisions",
            "description":"<p>No<\/p>\r\n",
            "description2":""
         },
         {  
            "title":"Eligibility-Related Provisions",
            "description":"<p>No<\/p>\r\n",
            "description2":""
         },
         {  
            "title":"Work and Community Engagement Provisions",
            "description":"<ul>\r\n\t<li>Requests ability to condition Medicaid eligibility for non-disabled adults ages 19-59 on work\/CE requirements<\/li>\r\n\t<li>Individuals subject to work\/CE requirements must participate in community engagement activities (e.g., employment, on-the-job training, job search and job-readiness activities, education, volunteering, or technical training); number of hours required varies based on the age of their dependent children: 20 hours\/week for individuals with dependent children under age 6 and 35 hours\/week for all other individuals subject to the requirement<\/li>\r\n\t<li>Proposed exempt populations include: individuals with a disability (includes individuals receiving SSI or SSDI), medically frail individuals, individuals with a medical condition that prevents them from complying with work\/CE requirements, pregnant women, women who recently gave birth, individuals required to care for a disabled child or adult, individuals participating in active SUD treatment, and individuals enrolled in and compliant or exempt from TANF work requirements (includes individuals who meet a good cause exemption under TANF)<\/li>\r\n\t<li>Individuals who do not comply with work\/CE requirements or demonstrate proof of an exemption within 90 days of becoming subject to the work requirement are dis-enrolled<\/li>\r\n\t<li>After initial 90-day period, individuals must comply with the work requirement each month; individuals who fail to comply with work\/CE requirements in a given month are dis-enrolled after a 30-day grace period<\/li>\r\n<\/ul>\r\n",
            "description2":""
         },
         {  
            "title":"Health Savings-Like Account",
            "description":"<p>No<\/p>\r\n",
            "description2":""
         },
         {  
            "title":"ESI Premium Assistance",
            "description":"<p>No<\/p>\r\n",
            "description2":""
         },
         {  
            "title":"Section 1927 Provisions",
            "description":"<p>No<\/p>\r\n",
            "description2":""
         },
         {  
            "title":"Reference Material",
            "description":"<p><a href=\"http:\/\/www.medicaid.alabama.gov\/documents\/2.0_Newsroom\/2.7_Special_Initiatives\/2.7.5_Work_Requirements\/2.7.5_Final_Work_Requirements_Waiver_Bookmarked_2-27-18.pdf\">Original Waiver Application<\/a><\/p>\r\n",
            "description2":""
         },
         {  
            "title":"Features Not Approved as Proposed",
            "description":"<p>N\/A<\/p>\r\n",
            "description2":""
         }
      ]
   },
   {  
      "id":"2",
      "abbreviation":"AZ",
      "title":"Approved through 9\/2021",
      "description":"Waiver Amendment Requests Undergoing CMS Review",
      "table_rows":"2",
      "state":"Arizona",
      "data":[  
         {  
            "title":"",
            "description":"<p>Arizona Health Care Cost Containment System (AHCCCS)<\/p>\r\n",
            "description2":"<p>Proposed Changes in AHCCCS Amendment Requests<\/p>\r\n"
         },
         {  
            "title":"Waiver Status",
            "description":"<p>Waiver extension approved on 9\/30\/2016; effective 10\/1\/2016 to 9\/30\/2021<\/p>\r\n",
            "description2":"<p>Waiver amendment request submitted to CMS on 12\/19\/2017; second amendment request for waiver of retroactive coverage submitted to CMS on 4\/6\/2018<\/p>\r\n"
         },
         {  
            "title":"Waiver Design Summary",
            "description":"<p><strong>MMC<\/strong><\/p>\r\n\r\n<ul>\r\n\t<li>Nearly all Medicaid enrollees with limited exceptions<\/li>\r\n\t<li>&nbsp;AHCCCS CARE Accounts (similar to an HSA) funded by enrollee and\/or third-party contributions<\/li>\r\n<\/ul>\r\n\r\n<p><br \/>\r\n<strong>AHCCCS Choice Accountability Responsibility Engagement (CARE) coverage features apply to:<\/strong><\/p>\r\n\r\n<ul>\r\n\t<li>Expansion adults with incomes from 100-138% FPL<\/li>\r\n\t<li>Expansion adults and previously eligible parents\/caretakers and childless adults with incomes &le;100% FPL, medically frail individuals with incomes &gt;100% FPL, and expansion adults with incomes &gt;100% FPL who have an SMI are exempt<\/li>\r\n\t<li>Exempt populations may opt-in to AHCCCS CARE coverage features to gain access to an AHCCCS CARE Account, but are not subject to premiums, penalties for failure to pay premiums, or cost-sharing<\/li>\r\n<\/ul>\r\n",
            "description2":"<p><strong>MMC<\/strong><\/p>\r\n\r\n<ul>\r\n\t<li>New proposed waiver features apply to expansion adults with incomes from 0-138%<\/li>\r\n<\/ul>\r\n"
         },
         {  
            "title":"Premiums",
            "description":"<ul>\r\n\t<li>For individuals with incomes &gt;100% FPL (medically frail individuals and individuals with a SMI are exempt)<\/li>\r\n\t<li>Lesser of 2% of income or $25<\/li>\r\n\t<li>In the form of a contribution to AHCCCS Care Account<\/li>\r\n\t<li>Individuals who fail to pay premiums within a two-month grace period dis-enrolled; may re-enroll at any time and do not have to pay back premiums<\/li>\r\n\t<li>Individuals may request a hardship exemption if a household member dies or household has qualifying expenses &gt;10% of household income during the previous month<\/li>\r\n\t<li>Only individuals making timely premium payments may access AHCCCS CARE Account&nbsp;<\/li>\r\n<\/ul>\r\n",
            "description2":"<p>No proposed changes<\/p>\r\n"
         },
         {  
            "title":"Cost-Sharing",
            "description":"<p>For expansion adults with incomes &gt; 100% FPL (medically frail individuals and individuals with a SMI are exempt)<\/p>\r\n\r\n<ul>\r\n\t<li>Co-payments up to 3% of income<\/li>\r\n\t<li>Co-payments limited to non-emergency use of the ER, opioids, specialist services without PCP referral, and brand name drugs when a generic is available<\/li>\r\n\t<li>Co-payments charged on a retrospective basis<\/li>\r\n\t<li>Only individuals making timely co-payments may access AHCCCS CARE Account funds<\/li>\r\n<\/ul>\r\n",
            "description2":"<p>No proposed changes<\/p>\r\n"
         },
         {  
            "title":"Healthy Behavior Incentives",
            "description":"<ul>\r\n\t<li>May eliminate premiums and cost-sharing for six months<\/li>\r\n\t<li>May access AHCCCS CARE Account funds (exempt individuals who opt-in to AHCCCS CARE coverage features do not have to achieve healthy behavior standards to access AHCCCS CARE Account funds)<\/li>\r\n\t<li>May rollover AHCCCS CARE Account funds<\/li>\r\n<\/ul>\r\n",
            "description2":"<p>No proposed changes<\/p>\r\n"
         },
         {  
            "title":"Benefit-Related Provisions",
            "description":"<p>No<\/p>\r\n",
            "description2":"<ul>\r\n\t<li>Requests waiver of the IMD exclusion for individuals receiving mental health and SUD services regardless of length of stay (as part of separate waiver amendment application)<\/li>\r\n<\/ul>\r\n"
         },
         {  
            "title":"Eligibility-Related Provisions",
            "description":"<p>No<\/p>\r\n",
            "description2":"<ul>\r\n\t<li>Requests waiver of retroactive coverage<\/li>\r\n\t<li>Requests five-year lifetime Medicaid enrollment limit for individuals subject to work\/CE requirements; months that an individual complies with work requirement or is exempt do not count towards limit5<\/li>\r\n\t<li>Proposes twice annual redeterminations for individuals subject to work\/CE requirements<\/li>\r\n<\/ul>\r\n"
         },
         {  
            "title":"Work and Community Engagement Provisions",
            "description":"<ul>\r\n\t<li>Outside the demonstration, individuals may choose to participate in the AHCCCS Works program, a work search and job training program<\/li>\r\n<\/ul>\r\n",
            "description2":"<ul>\r\n\t<li>Requests ability to condition Medicaid eligibility for adults ages 19-54 on work\/CE requirements<\/li>\r\n\t<li>Individuals subject to work\/CE requirements must participate in &ge;20 hours\/week of employment or education activities (e.g.,employment, job-search activities, education, or participation in Employment Support and Development courses); individuals transitioning from the justice system, living in areas with high-unemployment, or facing barriers to finding work may participate in community service to meet requirement<\/li>\r\n\t<li>Proposed exempt populations include: American Indians, women who recently gave birth, former foster care children under age 26, individuals with SMI, individuals receiving temporary or permanent disability benefits, full time students, victims of domestic violence, homeless individuals, individuals recently impacted by a catastrophic event, parents or caregivers of a child under age 13, caregivers of a family member enrolled in the Arizona Long-Term Care System, and medically frail individuals<\/li>\r\n\t<li>Individuals who initially fail to comply with work\/CE requirements dis-enrolled after a 6- month grace period; may re-enroll upon meeting work\/CE requirements for 30 consecutive days<\/li>\r\n\t<li>Individuals who report a change in circumstances that results in non-compliance with work\/CE requirements (e.g., job loss) or are determined non-compliant at redetermination will have 3-month grace period to comply prior to disenrollment; State proposes conducting redetermination at the end of the 3-month grace period<\/li>\r\n\t<li>Requests expenditure authority for federal match for costs associated with the design, development, installation, operation, and administration of systems (both Medicaid and non-Medicaid) necessary to implement work\/CE requirements ? Requests ability to condition Medicaid eligibility on completion of Medicaid application questions on compliance with work requirements and work requirements exemption criteria<\/li>\r\n<\/ul>\r\n"
         },
         {  
            "title":"Health Savings-Like Account",
            "description":"<p>Yes (AHCCCS CARE Account)<\/p>\r\n",
            "description2":"<p>No proposed changes<\/p>\r\n"
         },
         {  
            "title":"ESI Premium Assistance",
            "description":"<p>No<\/p>\r\n",
            "description2":"<p>No proposed changes<\/p>\r\n"
         },
         {  
            "title":"Section 1927 Provisions",
            "description":"<p>No<\/p>\r\n",
            "description2":"<p>No proposed changes<\/p>\r\n"
         }
      ]
   }
]