[{"id":"1","name":"Alabama","abbreviation":"AL","date":"2018-08-09 11:14:52"}, {"id":"2","name":"Alaska","abbreviation":"AK","date":"2018-08-09 11:15:13"}, {"id":"3","name":"Arizona","abbreviation":"AZ","date":"2018-08-09 11:15:24"}, {"id":"4","name":"Arkansas","abbreviation":"AR","date":"2018-08-09 11:15:38"}, {"id":"5","name":"California","abbreviation":"CA","date":"2018-08-09 11:15:49"}, {"id":"6","name":"Colorado","abbreviation":"CO","date":"2018-08-09 11:15:59"}, {"id":"7","name":"Connecticut","abbreviation":"CT","date":"2018-08-09 11:16:11"}, {"id":"8","name":"Delaware","abbreviation":"DE","date":"2018-08-09 11:16:22"}, {"id":"9","name":"Florida","abbreviation":"FL","date":"2018-08-09 11:16:33"}, {"id":"10","name":"Georgia","abbreviation":"GA","date":"2018-08-09 11:16:45"}, {"id":"11","name":"Hawaii","abbreviation":"HI","date":"2018-08-09 11:16:57"}, {"id":"12","name":"Idaho","abbreviation":"ID","date":"2018-08-09 11:17:10"}, {"id":"13","name":"Illinois","abbreviation":"IL","date":"2018-08-09 11:17:23"}, {"id":"14","name":"Indiana","abbreviation":"IN","date":"2018-08-09 11:17:39"}, {"id":"15","name":"Iowa","abbreviation":"IA","date":"2018-08-09 11:17:49"}, {"id":"16","name":"Kansas","abbreviation":"KS","date":"2018-08-09 11:18:02"}, {"id":"17","name":"Kentucky","abbreviation":"KY","date":"2018-08-09 11:18:13"}, {"id":"18","name":"Louisiana","abbreviation":"LA","date":"2018-08-09 11:18:23"}, {"id":"19","name":"Maine","abbreviation":"ME","date":"2018-08-09 11:18:35"}, {"id":"20","name":"Maryland","abbreviation":"MD","date":"2018-08-09 11:18:46"}, {"id":"21","name":"Massachusetts","abbreviation":"MA","date":"2018-08-09 11:18:57"}, {"id":"22","name":"Michigan","abbreviation":"MI","date":"2018-08-09 11:19:10"}, {"id":"23","name":"Minnesota","abbreviation":"MN","date":"2018-08-09 11:19:20"}, {"id":"24","name":"Mississippi","abbreviation":"MS","date":"2018-08-09 11:19:31"}, {"id":"25","name":"Missouri","abbreviation":"MO","date":"2018-08-09 11:19:41"}, {"id":"26","name":"Montana","abbreviation":"MT","date":"2018-08-09 11:19:59"}, {"id":"27","name":"Nebraska","abbreviation":"NE","date":"2018-08-09 11:20:10"}, {"id":"28","name":"Nevada","abbreviation":"NV","date":"2018-08-09 11:20:22"}, {"id":"29","name":"New Hampshire","abbreviation":"NH","date":"2018-08-09 11:20:37"}, {"id":"30","name":"New Jersey","abbreviation":"NJ","date":"2018-08-09 11:20:48"}, {"id":"31","name":"New Mexico","abbreviation":"NM","date":"2018-08-09 11:21:11"}, {"id":"32","name":"New York","abbreviation":"NY","date":"2018-08-09 11:21:23"}, {"id":"33","name":"North Carolina","abbreviation":"NC","date":"2018-08-09 11:21:36"}, {"id":"34","name":"North Dakota","abbreviation":"ND","date":"2018-08-09 11:21:47"}, {"id":"35","name":"Ohio","abbreviation":"OH","date":"2018-08-09 11:21:58"}, {"id":"36","name":"Oklahoma","abbreviation":"OK","date":"2018-08-09 11:22:10"}, {"id":"37","name":"Oregon","abbreviation":"OR","date":"2018-08-09 11:22:20"}, {"id":"38","name":"Pennsylvania","abbreviation":"PA","date":"2018-08-09 11:22:32"}, {"id":"39","name":"Rhode Island","abbreviation":"RI","date":"2018-08-09 11:22:44"}, {"id":"40","name":"South Carolina","abbreviation":"SC","date":"2018-08-09 11:25:09"}, {"id":"41","name":"South Dakota","abbreviation":"SD","date":"2018-08-09 11:25:20"}, {"id":"42","name":"Tennessee","abbreviation":"TN","date":"2018-08-09 11:25:31"}, {"id":"43","name":"Texas","abbreviation":"TX","date":"2018-08-09 11:25:41"}, {"id":"44","name":"Utah","abbreviation":"UT","date":"2018-08-09 11:25:51"}, {"id":"45","name":"Vermont","abbreviation":"VT","date":"2018-08-09 11:26:01"}, {"id":"46","name":"Virginia","abbreviation":"VA","date":"2018-08-09 11:26:11"}, {"id":"47","name":"Washington","abbreviation":"WA","date":"2018-08-09 11:26:22"}, {"id":"48","name":"West Virginia","abbreviation":"WV","date":"2018-08-09 11:26:32"}, {"id":"49","name":"Wisconsin","abbreviation":"WI","date":"2018-08-09 11:26:42"}, {"id":"50","name":"Wyoming","abbreviation":"WY","date":"2018-08-09 11:26:52"}]
